{
  "best_model": "lightgbm",
  "best_f1": 0.9844961240310077,
  "test_f1": 0.984472049689441,
  "test_accuracy": 0.9843587069864442
}