{
  "lightgbm": {
    "model_name": "lightgbm",
    "train_time": 0.22530627250671387,
    "train_metrics": {
      "accuracy": 1.0,
      "balanced_accuracy": 1.0,
      "precision": 1.0,
      "recall": 1.0,
      "f1": 1.0,
      "precision_macro": 1.0,
      "recall_macro": 1.0,
      "f1_macro": 1.0,
      "precision_weighted": 1.0,
      "recall_weighted": 1.0,
      "f1_weighted": 1.0,
      "matthews_corrcoef": 1.0,
      "cohen_kappa": 1.0,
      "roc_auc": 0.9999999999999999,
      "confusion_matrix": [
        [
          3451,
          0
        ],
        [
          0,
          3452
        ]
      ],
      "true_negatives": 3451,
      "false_positives": 0,
      "false_negatives": 0,
      "true_positives": 3452,
      "specificity": 1.0,
      "sensitivity": 1.0
    },
    "val_metrics": {
      "accuracy": 0.984375,
      "balanced_accuracy": 0.984375,
      "precision": 0.9769230769230769,
      "recall": 0.9921875,
      "f1": 0.9844961240310077,
      "precision_macro": 0.9844932844932845,
      "recall_macro": 0.984375,
      "f1_macro": 0.9843740462674724,
      "precision_weighted": 0.9844932844932845,
      "recall_weighted": 0.984375,
      "f1_weighted": 0.9843740462674724,
      "matthews_corrcoef": 0.9688682772728906,
      "cohen_kappa": 0.96875,
      "roc_auc": 0.9988742404513888,
      "confusion_matrix": [
        [
          375,
          9
        ],
        [
          3,
          381
        ]
      ],
      "true_negatives": 375,
      "false_positives": 9,
      "false_negatives": 3,
      "true_positives": 381,
      "specificity": 0.9765625,
      "sensitivity": 0.9921875
    },
    "classification_report": {
      "0": {
        "precision": 0.9920634920634921,
        "recall": 0.9765625,
        "f1-score": 0.984251968503937,
        "support": 384.0
      },
      "1": {
        "precision": 0.9769230769230769,
        "recall": 0.9921875,
        "f1-score": 0.9844961240310077,
        "support": 384.0
      },
      "accuracy": 0.984375,
      "macro avg": {
        "precision": 0.9844932844932845,
        "recall": 0.984375,
        "f1-score": 0.9843740462674724,
        "support": 768.0
      },
      "weighted avg": {
        "precision": 0.9844932844932845,
        "recall": 0.984375,
        "f1-score": 0.9843740462674724,
        "support": 768.0
      }
    },
    "test_metrics": {
      "accuracy": 0.9843587069864442,
      "balanced_accuracy": 0.9843587069864442,
      "precision": 0.9773895169578622,
      "recall": 0.9916579770594369,
      "f1": 0.984472049689441,
      "precision_macro": 0.9844619542461268,
      "recall_macro": 0.9843587069864442,
      "f1_macro": 0.9843578735842162,
      "precision_weighted": 0.9844619542461269,
      "recall_weighted": 0.9843587069864442,
      "f1_weighted": 0.9843578735842163,
      "matthews_corrcoef": 0.9688206557310386,
      "cohen_kappa": 0.9687174139728885,
      "roc_auc": 0.998585379060783,
      "confusion_matrix": [
        [
          937,
          22
        ],
        [
          8,
          951
        ]
      ],
      "true_negatives": 937,
      "false_positives": 22,
      "false_negatives": 8,
      "true_positives": 951,
      "specificity": 0.9770594369134515,
      "sensitivity": 0.9916579770594369
    }
  },
  "xgboost": {
    "model_name": "xgboost",
    "train_time": 0.3038144111633301,
    "train_metrics": {
      "accuracy": 1.0,
      "balanced_accuracy": 1.0,
      "precision": 1.0,
      "recall": 1.0,
      "f1": 1.0,
      "precision_macro": 1.0,
      "recall_macro": 1.0,
      "f1_macro": 1.0,
      "precision_weighted": 1.0,
      "recall_weighted": 1.0,
      "f1_weighted": 1.0,
      "matthews_corrcoef": 1.0,
      "cohen_kappa": 1.0,
      "roc_auc": 1.0,
      "confusion_matrix": [
        [
          3451,
          0
        ],
        [
          0,
          3452
        ]
      ],
      "true_negatives": 3451,
      "false_positives": 0,
      "false_negatives": 0,
      "true_positives": 3452,
      "specificity": 1.0,
      "sensitivity": 1.0
    },
    "val_metrics": {
      "accuracy": 0.98046875,
      "balanced_accuracy": 0.98046875,
      "precision": 0.9694656488549618,
      "recall": 0.9921875,
      "f1": 0.9806949806949807,
      "precision_macro": 0.9807328244274809,
      "recall_macro": 0.98046875,
      "f1_macro": 0.9804660674225891,
      "precision_weighted": 0.980732824427481,
      "recall_weighted": 0.98046875,
      "f1_weighted": 0.9804660674225891,
      "matthews_corrcoef": 0.9612015381524132,
      "cohen_kappa": 0.9609375,
      "roc_auc": 0.9979790581597223,
      "confusion_matrix": [
        [
          372,
          12
        ],
        [
          3,
          381
        ]
      ],
      "true_negatives": 372,
      "false_positives": 12,
      "false_negatives": 3,
      "true_positives": 381,
      "specificity": 0.96875,
      "sensitivity": 0.9921875
    },
    "classification_report": {
      "0": {
        "precision": 0.992,
        "recall": 0.96875,
        "f1-score": 0.9802371541501976,
        "support": 384.0
      },
      "1": {
        "precision": 0.9694656488549618,
        "recall": 0.9921875,
        "f1-score": 0.9806949806949807,
        "support": 384.0
      },
      "accuracy": 0.98046875,
      "macro avg": {
        "precision": 0.9807328244274809,
        "recall": 0.98046875,
        "f1-score": 0.9804660674225891,
        "support": 768.0
      },
      "weighted avg": {
        "precision": 0.980732824427481,
        "recall": 0.98046875,
        "f1-score": 0.9804660674225891,
        "support": 768.0
      }
    }
  },
  "mlp": {
    "model_name": "mlp",
    "train_time": 1.0574159622192383,
    "train_metrics": {
      "accuracy": 0.9074315514993481,
      "balanced_accuracy": 0.9074435324135648,
      "precision": 0.9881985421728566,
      "recall": 0.824739281575898,
      "f1": 0.8990999526290857,
      "precision_macro": 0.9188879334434645,
      "recall_macro": 0.9074435324135648,
      "f1_macro": 0.9067960622238163,
      "precision_weighted": 0.9188979740937224,
      "recall_weighted": 0.9074315514993481,
      "f1_weighted": 0.9067949473303504,
      "matthews_corrcoef": 0.8262522115858413,
      "cohen_kappa": 0.8148675359450859,
      "roc_auc": 0.8490234748152667,
      "confusion_matrix": [
        [
          3417,
          34
        ],
        [
          605,
          2847
        ]
      ],
      "true_negatives": 3417,
      "false_positives": 34,
      "false_negatives": 605,
      "true_positives": 2847,
      "specificity": 0.9901477832512315,
      "sensitivity": 0.824739281575898
    },
    "val_metrics": {
      "accuracy": 0.8919270833333334,
      "balanced_accuracy": 0.8919270833333333,
      "precision": 0.963076923076923,
      "recall": 0.8151041666666666,
      "f1": 0.8829337094499294,
      "precision_macro": 0.9014030213578746,
      "recall_macro": 0.8919270833333333,
      "f1_macro": 0.8912854762485439,
      "precision_weighted": 0.9014030213578748,
      "recall_weighted": 0.8919270833333334,
      "f1_weighted": 0.8912854762485439,
      "matthews_corrcoef": 0.7932735099623068,
      "cohen_kappa": 0.7838541666666666,
      "roc_auc": 0.8443400065104167,
      "confusion_matrix": [
        [
          372,
          12
        ],
        [
          71,
          313
        ]
      ],
      "true_negatives": 372,
      "false_positives": 12,
      "false_negatives": 71,
      "true_positives": 313,
      "specificity": 0.96875,
      "sensitivity": 0.8151041666666666
    },
    "classification_report": {
      "0": {
        "precision": 0.8397291196388262,
        "recall": 0.96875,
        "f1-score": 0.8996372430471584,
        "support": 384.0
      },
      "1": {
        "precision": 0.963076923076923,
        "recall": 0.8151041666666666,
        "f1-score": 0.8829337094499294,
        "support": 384.0
      },
      "accuracy": 0.8919270833333334,