{
  "best_model": "lightgbm",
  "best_f1": 0.8963730569948186,
  "test_f1": 0.8958120531154239,
  "test_accuracy": 0.8936392075078207
}