{
  "lightgbm": {
    "model_name": "lightgbm",
    "train_time": 0.23315763473510742,
    "train_metrics": {
      "accuracy": 1.0,
      "balanced_accuracy": 1.0,
      "precision": 1.0,
      "recall": 1.0,
      "f1": 1.0,
      "precision_macro": 1.0,
      "recall_macro": 1.0,
      "f1_macro": 1.0,
      "precision_weighted": 1.0,
      "recall_weighted": 1.0,
      "f1_weighted": 1.0,
      "matthews_corrcoef": 1.0,
      "cohen_kappa": 1.0,
      "roc_auc": 1.0,
      "confusion_matrix": [
        [
          3452,
          0
        ],
        [
          0,
          3451
        ]
      ],
      "true_negatives": 3452,
      "false_positives": 0,
      "false_negatives": 0,
      "true_positives": 3451,
      "specificity": 1.0,
      "sensitivity": 1.0
    },
    "val_metrics": {
      "accuracy": 0.8956975228161669,
      "balanced_accuracy": 0.8957075446040035,
      "precision": 0.8894601542416453,
      "recall": 0.9033942558746736,
      "f1": 0.8963730569948186,
      "precision_macro": 0.8957882781790236,
      "recall_macro": 0.8957075446040035,
      "f1_macro": 0.8956930901771993,
      "precision_weighted": 0.8957965286665561,
      "recall_weighted": 0.8956975228161669,
      "f1_weighted": 0.8956922036494058,
      "matthews_corrcoef": 0.7914958186655638,
      "cohen_kappa": 0.7913989461159272,
      "roc_auc": 0.9662206266318538,
      "confusion_matrix": [
        [
          341,
          43
        ],
        [
          37,
          346
        ]
      ],
      "true_negatives": 341,
      "false_positives": 43,
      "false_negatives": 37,
      "true_positives": 346,
      "specificity": 0.8880208333333334,
      "sensitivity": 0.9033942558746736
    },
    "classification_report": {
      "0": {
        "precision": 0.9021164021164021,
        "recall": 0.8880208333333334,
        "f1-score": 0.89501312335958,
        "support": 384.0
      },
      "1": {
        "precision": 0.8894601542416453,
        "recall": 0.9033942558746736,
        "f1-score": 0.8963730569948186,
        "support": 383.0
      },
      "accuracy": 0.8956975228161669,
      "macro avg": {
        "precision": 0.8957882781790236,
        "recall": 0.8957075446040035,
        "f1-score": 0.8956930901771993,
        "support": 767.0
      },
      "weighted avg": {
        "precision": 0.8957965286665561,
        "recall": 0.8956975228161669,
        "f1-score": 0.8956922036494058,
        "support": 767.0
      }
    },
    "test_metrics": {
      "accuracy": 0.8936392075078207,
      "balanced_accuracy": 0.8936392075078207,
      "precision": 0.8778778778778779,
      "recall": 0.9144942648592284,
      "f1": 0.8958120531154239,
      "precision_macro": 0.8943252283839879,
      "recall_macro": 0.8936392075078207,
      "f1_macro": 0.8935929275161785,
      "precision_weighted": 0.8943252283839879,
      "recall_weighted": 0.8936392075078207,
      "f1_weighted": 0.8935929275161785,
      "matthews_corrcoef": 0.787964137258577,
      "cohen_kappa": 0.7872784150156413,
      "roc_auc": 0.9638385483662271,
      "confusion_matrix": [
        [
          837,
          122
        ],
        [
          82,
          877
        ]
      ],
      "true_negatives": 837,
      "false_positives": 122,
      "false_negatives": 82,
      "true_positives": 877,
      "specificity": 0.872784150156413,
      "sensitivity": 0.9144942648592284
    }
  },
  "xgboost": {
    "model_name": "xgboost",
    "train_time": 0.5011112689971924,
    "train_metrics": {
      "accuracy": 1.0,
      "balanced_accuracy": 1.0,
      "precision": 1.0,
      "recall": 1.0,
      "f1": 1.0,
      "precision_macro": 1.0,
      "recall_macro": 1.0,
      "f1_macro": 1.0,
      "precision_weighted": 1.0,
      "recall_weighted": 1.0,
      "f1_weighted": 1.0,
      "matthews_corrcoef": 1.0,
      "cohen_kappa": 1.0,
      "roc_auc": 1.0,
      "confusion_matrix": [
        [
          3452,
          0
        ],
        [
          0,
          3451
        ]
      ],
      "true_negatives": 3452,
      "false_positives": 0,
      "false_negatives": 0,
      "true_positives": 3451,
      "specificity": 1.0,
      "sensitivity": 1.0
    },
    "val_metrics": {
      "accuracy": 0.8917861799217731,
      "balanced_accuracy": 0.89181829308094,
      "precision": 0.8731343283582089,
      "recall": 0.9164490861618799,
      "f1": 0.8942675159235669,
      "precision_macro": 0.8927315477407483,
      "recall_macro": 0.89181829308094,
      "f1_macro": 0.8917265483489664,
      "precision_weighted": 0.8927570982223422,
      "recall_weighted": 0.8917861799217731,
      "f1_weighted": 0.8917232354838104,
      "matthews_corrcoef": 0.7845493092848037,
      "cohen_kappa": 0.7835859710432651,
      "roc_auc": 0.9621613903394257,
      "confusion_matrix": [
        [
          333,
          51
        ],
        [
          32,
          351
        ]
      ],
      "true_negatives": 333,
      "false_positives": 51,
      "false_negatives": 32,
      "true_positives": 351,
      "specificity": 0.8671875,
      "sensitivity": 0.9164490861618799
    },
    "classification_report": {
      "0": {
        "precision": 0.9123287671232877,
        "recall": 0.8671875,
        "f1-score": 0.8891855807743658,
        "support": 384.0
      },
      "1": {
        "precision": 0.8731343283582089,
        "recall": 0.9164490861618799,
        "f1-score": 0.8942675159235669,
        "support": 383.0
      },
      "accuracy": 0.8917861799217731,
      "macro avg": {
        "precision": 0.8927315477407483,
        "recall": 0.89181829308094,
        "f1-score": 0.8917265483489664,
        "support": 767.0
      },
      "weighted avg": {
        "precision": 0.8927570982223422,
        "recall": 0.8917861799217731,
        "f1-score": 0.8917232354838104,
        "support": 767.0
      }
    }
  },
  "mlp": {
    "model_name": "mlp",
    "train_time": 0.5779402256011963,
    "train_metrics": {
      "accuracy": 0.8897580761987541,
      "balanced_accuracy": 0.8897614945606644,
      "precision": 0.872163807415606,
      "recall": 0.9133584468270066,
      "f1": 0.8922859164897381,
      "precision_macro": 0.8906273582532576,
      "recall_macro": 0.8897614945606644,
      "f1_macro": 0.8896973270328827,
      "precision_weighted": 0.8906300329672714,
      "recall_weighted": 0.8897580761987541,
      "f1_weighted": 0.8896969520380317,
      "matthews_corrcoef": 0.7803883724635413,
      "cohen_kappa": 0.7795176561675594,
      "roc_auc": 0.9603162198271245,
      "confusion_matrix": [
        [
          2990,
          462
        ],
        [
          299,
          3152
        ]
      ],
      "true_negatives": 2990,
      "false_positives": 462,
      "false_negatives": 299,
      "true_positives": 3152,
      "specificity": 0.8661645422943222,
      "sensitivity": 0.9133584468270066
    },
    "val_metrics": {
      "accuracy": 0.8761408083441982,
      "balanced_accuracy": 0.876159296127067,
      "precision": 0.8654822335025381,
      "recall": 0.8903394255874674,
      "f1": 0.8777348777348777,
      "precision_macro": 0.8764408486547544,
      "recall_macro": 0.876159296127067,
      "f1_macro": 0.8761197506243741,
      "precision_weighted": 0.8764551362885903,
      "recall_weighted": 0.8761408083441982,
      "f1_weighted": 0.8761176448523916,
      "matthews_corrcoef": 0.7526000921165188,
      "cohen_kappa": 0.7522904591116928,
      "roc_auc": 0.9578709747606615,
      "confusion_matrix": [
        [
          331,
          53
        ],
        [
          42,
          341
        ]
      ],
      "true_negatives": 331,
      "false_positives": 53,
      "false_negatives": 42,
      "true_positives": 341,
      "specificity": 0.8619791666666666,
      "sensitivity": 0.8903394255874674
    },
    "classification_report": {
      "0": {
        "precision": 0.8873994638069705,
        "recall": 0.8619791666666666,
        "f1-score": 0.8745046235138706,