{
  "best_model": "lightgbm",
  "best_f1": 0.8957816377171216,
  "test_f1": 0.8992481203007519,
  "test_accuracy": 0.8952579468473163
}