{
  "best_model": "mlp",
  "best_f1": 0.9265822784810127,
  "test_f1": 0.9046430354468298,
  "test_accuracy": 0.9003651538862807
}