{
  "lightgbm": {
    "model_name": "lightgbm",
    "train_time": 0.2955770492553711,
    "train_metrics": {
      "accuracy": 1.0,
      "balanced_accuracy": 1.0,
      "precision": 1.0,
      "recall": 1.0,
      "f1": 1.0,
      "precision_macro": 1.0,
      "recall_macro": 1.0,
      "f1_macro": 1.0,
      "precision_weighted": 1.0,
      "recall_weighted": 1.0,
      "f1_weighted": 1.0,
      "matthews_corrcoef": 1.0,
      "cohen_kappa": 1.0,
      "roc_auc": 1.0,
      "confusion_matrix": [
        [
          3450,
          0
        ],
        [
          0,
          3451
        ]
      ],
      "true_negatives": 3450,
      "false_positives": 0,
      "false_negatives": 0,
      "true_positives": 3451,
      "specificity": 1.0,
      "sensitivity": 1.0
    },
    "val_metrics": {
      "accuracy": 0.9152542372881356,
      "balanced_accuracy": 0.9152319952132288,
      "precision": 0.9017632241813602,
      "recall": 0.9322916666666666,
      "f1": 0.9167733674775929,
      "precision_macro": 0.915746476955545,
      "recall_macro": 0.9152319952132288,
      "f1_macro": 0.9152259931677473,
      "precision_weighted": 0.9157282458567519,
      "recall_weighted": 0.9152542372881356,
      "f1_weighted": 0.915228010604918,
      "matthews_corrcoef": 0.8309783129038245,
      "cohen_kappa": 0.8305006952684348,
      "roc_auc": 0.9778815818102697,
      "confusion_matrix": [
        [
          344,
          39
        ],
        [
          26,
          358
        ]
      ],
      "true_negatives": 344,
      "false_positives": 39,
      "false_negatives": 26,
      "true_positives": 358,
      "specificity": 0.8981723237597912,
      "sensitivity": 0.9322916666666666
    },
    "classification_report": {
      "0": {
        "precision": 0.9297297297297298,
        "recall": 0.8981723237597912,
        "f1-score": 0.9136786188579017,
        "support": 383.0
      },
      "1": {
        "precision": 0.9017632241813602,
        "recall": 0.9322916666666666,
        "f1-score": 0.9167733674775929,
        "support": 384.0
      },
      "accuracy": 0.9152542372881356,
      "macro avg": {
        "precision": 0.915746476955545,
        "recall": 0.9152319952132288,
        "f1-score": 0.9152259931677473,
        "support": 767.0
      },
      "weighted avg": {
        "precision": 0.9157282458567519,
        "recall": 0.9152542372881356,
        "f1-score": 0.915228010604918,
        "support": 767.0
      }
    }
  },
  "xgboost": {
    "model_name": "xgboost",
    "train_time": 0.4035804271697998,
    "train_metrics": {
      "accuracy": 1.0,
      "balanced_accuracy": 1.0,
      "precision": 1.0,
      "recall": 1.0,
      "f1": 1.0,
      "precision_macro": 1.0,
      "recall_macro": 1.0,
      "f1_macro": 1.0,
      "precision_weighted": 1.0,
      "recall_weighted": 1.0,
      "f1_weighted": 1.0,
      "matthews_corrcoef": 1.0,
      "cohen_kappa": 1.0,
      "roc_auc": 1.0,
      "confusion_matrix": [
        [
          3450,
          0
        ],
        [
          0,
          3451
        ]
      ],
      "true_negatives": 3450,
      "false_positives": 0,
      "false_negatives": 0,
      "true_positives": 3451,
      "specificity": 1.0,
      "sensitivity": 1.0
    },
    "val_metrics": {
      "accuracy": 0.9191655801825294,
      "balanced_accuracy": 0.9191450446040035,
      "precision": 0.9065656565656566,
      "recall": 0.9348958333333334,
      "f1": 0.9205128205128205,
      "precision_macro": 0.9195901059108607,
      "recall_macro": 0.9191450446040035,
      "f1_macro": 0.9191423519009725,
      "precision_weighted": 0.9195731248817274,
      "recall_weighted": 0.9191655801825294,
      "f1_weighted": 0.9191441386918615,
      "matthews_corrcoef": 0.8387350324325467,
      "cohen_kappa": 0.838324289774659,
      "roc_auc": 0.9790850739773717,
      "confusion_matrix": [
        [
          346,
          37
        ],
        [
          25,
          359
        ]
      ],
      "true_negatives": 346,
      "false_positives": 37,
      "false_negatives": 25,
      "true_positives": 359,
      "specificity": 0.9033942558746736,
      "sensitivity": 0.9348958333333334
    },
    "classification_report": {
      "0": {
        "precision": 0.9326145552560647,
        "recall": 0.9033942558746736,
        "f1-score": 0.9177718832891246,
        "support": 383.0
      },
      "1": {
        "precision": 0.9065656565656566,
        "recall": 0.9348958333333334,
        "f1-score": 0.9205128205128205,
        "support": 384.0
      },
      "accuracy": 0.9191655801825294,
      "macro avg": {
        "precision": 0.9195901059108607,
        "recall": 0.9191450446040035,
        "f1-score": 0.9191423519009725,
        "support": 767.0
      },
      "weighted avg": {
        "precision": 0.9195731248817274,
        "recall": 0.9191655801825294,
        "f1-score": 0.9191441386918615,
        "support": 767.0
      }
    }
  },
  "mlp": {
    "model_name": "mlp",
    "train_time": 0.8635826110839844,
    "train_metrics": {
      "accuracy": 0.9449355165917983,
      "balanced_accuracy": 0.9449311478714424,
      "precision": 0.9196501776441651,
      "recall": 0.9750796870472327,
      "f1": 0.9465541490857946,
      "precision_macro": 0.9465616711786526,
      "recall_macro": 0.9449311478714424,
      "f1_macro": 0.9448849645608292,
      "precision_weighted": 0.9465577715273653,
      "recall_weighted": 0.9449355165917983,
      "f1_weighted": 0.9448852064365754,
      "matthews_corrcoef": 0.8914913279508837,
      "cohen_kappa": 0.8898700688720482,
      "roc_auc": 0.9896921287255533,
      "confusion_matrix": [
        [
          3156,
          294
        ],
        [
          86,
          3365
        ]
      ],
      "true_negatives": 3156,
      "false_positives": 294,
      "false_negatives": 86,
      "true_positives": 3365,
      "specificity": 0.9147826086956522,
      "sensitivity": 0.9750796870472327
    },
    "val_metrics": {
      "accuracy": 0.924380704041721,
      "balanced_accuracy": 0.9243431788511749,
      "precision": 0.9014778325123153,
      "recall": 0.953125,
      "f1": 0.9265822784810127,
      "precision_macro": 0.92580816833372,
      "recall_macro": 0.9243431788511749,
      "f1_macro": 0.9243126446168504,
      "precision_weighted": 0.9257764469050089,
      "recall_weighted": 0.924380704041721,
      "f1_weighted": 0.9243156037222795,
      "matthews_corrcoef": 0.8501500849415401,
      "cohen_kappa": 0.8487498385023902,
      "roc_auc": 0.9780379677980853,
      "confusion_matrix": [
        [
          343,
          40
        ],
        [
          18,
          366
        ]
      ],
      "true_negatives": 343,
      "false_positives": 40,
      "false_negatives": 18,
      "true_positives": 366,
      "specificity": 0.8955613577023499,
      "sensitivity": 0.953125
    },
    "classification_report": {
      "0": {
        "precision": 0.9501385041551247,
        "recall": 0.8955613577023499,
        "f1-score": 0.9220430107526881,
        "support": 383.0
      },
      "1": {
        "precision": 0.9014778325123153,
        "recall": 0.953125,
        "f1-score": 0.9265822784810127,
        "support": 384.0
      },
      "accuracy": 0.924380704041721,
      "macro avg": {
        "precision": 0.92580816833372,
        "recall": 0.9243431788511749,
        "f1-score": 0.9243126446168504,
        "support": 767.0
      },
      "weighted avg": {
        "precision": 0.9257764469050089,
        "recall": 0.924380704041721,
        "f1-score": 0.9243156037222795,
        "support": 767.0
      }
    },
    "test_metrics": {
      "accuracy": 0.9003651538862807,
      "balanced_accuracy": 0.900341996817318,
      "precision": 0.867816091954023,
      "recall": 0.9447340980187695,
      "f1": 0.9046430354468298,
      "precision_macro": 0.9035529486116048,
      "recall_macro": 0.900341996817318,
      "f1_macro": 0.9001642266256541,