{
  "best_model": "lightgbm",
  "best_f1": 0.89281210592686,
  "test_f1": 0.8936825885978429,
  "test_accuracy": 0.892075078206465
}