{
  "best_model": "lightgbm",
  "best_f1": 0.9774834437086093,
  "test_f1": 0.9733124018838305,
  "test_accuracy": 0.9734236581552892
}