{
  "best_model": "lightgbm",
  "best_f1": 0.9574193548387097,
  "test_f1": 0.9525794684731631,
  "test_accuracy": 0.9525547445255474
}