{
  "best_model": "xgboost",
  "best_f1": 0.919631093544137,
  "test_f1": 0.9125319693094629,
  "test_accuracy": 0.9108446298227321
}